<?xml version="1.0" encoding="UTF-8"?>
<project-private xmlns="http://www.netbeans.org/ns/project-private/1">
    <editor-bookmarks xmlns="http://www.netbeans.org/ns/editor-bookmarks/2" lastBookmarkId="0"/>
    <open-files xmlns="http://www.netbeans.org/ns/projectui-open-files/2">
        <group>
            <file>file:/E:/Basam/Study/Semester%204/Project/Student_Management_System/src/MainStudent.java</file>
            <file>file:/E:/Basam/Study/Semester%204/Project/Student_Management_System/src/Admin.java</file>
            <file>file:/E:/Basam/Study/Semester%204/Project/Student_Management_System/src/MainTeacher.java</file>
            <file>file:/E:/Basam/Study/Semester%204/Project/Student_Management_System/src/MainAdmin.java</file>
            <file>file:/E:/Basam/Study/Semester%204/Project/Student_Management_System/src/DatabaseConnection.java</file>
            <file>file:/E:/Basam/Study/Semester%204/Project/Student_Management_System/src/login.java</file>
            <file>file:/E:/Basam/Study/Semester%204/Project/Student_Management_System/src/Teacher.java</file>
            <file>file:/E:/Basam/Study/Semester%204/Project/Student_Management_System/src/Student.java</file>
        </group>
    </open-files>
</project-private>
